name,number,country_code,email,email2
Balu,9878675678,91,balu@example.com,balu@business.com
Murali,6756453456,91,murali@acme.com,murali@acme.com
Biva,8767678767,91,biva@yahoo.com,biva@eims.com
Ramya,8976545676,91,ramya@gmail.com,ramya@hpe.com
Rishi,7656876787,91,rishi@orkut.com,rishi@cpsgateway.com
Santhosh,9878787897,91,santhosh@example.com,santhosh@dover.com